R,u20c,b20c,u_c20n1,u_c40n2,u_c60n3,u_c80n4,u_c100n5,u_c120n6,u_c140n7,u_c160n8,u_c200n10,u_c400n20,b_c20n1,b_c200n10,b_c400n20,b_c600n30
1,1067,992,1182,4658,3702,4989,8701,11693,8408,9305,11656,26751,830,2194,2179,2353
2,1085,969,1215,2202,3494,4445,5635,10210,8255,9980,11264,18984,941,2245,2564,2184
3,1067,759,1399,2165,3270,4705,5608,7081,7778,9027,12167,19230,862,2175,4892,2185
4,1067,738,1098,2210,3477,4443,5590,7794,8503,9056,9278,19094,916,3237,5469,2175
5,1067,1419,1089,2401,3408,4608,11561,7973,12394,5653,10446,21155,936,2939,5557,2202
6,1076,2867,1094,3315,3372,4472,8247,14678,6610,8091,9726,21874,796,5378,5309,4524
7,1127,2853,1068,2177,3858,4554,8131,6919,6734,8018,11092,51583,781,2840,5474,2508
8,1080,2846,1111,2210,3297,4575,4501,5665,7223,7936,9004,25001,767,5440,5452,2851
9,1076,2806,1085,2188,5455,5559,12178,5587,7317,18494,20198,25095,934,2850,5470,5442
10,1064,2855,1076,2158,4193,4466,12646,5682,8969,8045,9050,38851,781,5451,5404,2856
11,1067,2859,1067,2191,3477,3653,5517,5461,7384,9122,11330,21362,763,2850,5475,2835
12,1113,2841,1296,2191,6682,7756,4533,5589,8548,15089,8937,19128,758,5419,5439,5470
13,1149,2838,1108,2372,3268,3262,4507,6060,19900,7864,10032,22132,776,2872,5430,2808
14,1059,2828,1085,2149,2316,4538,4433,7230,6765,6634,11330,38601,771,5439,5442,2877
15,1077,2856,1103,2182,3293,9174,5551,16038,29941,8941,9992,20006,781,2832,5452,5419
16,1091,2850,1085,2335,2298,8030,5509,6129,6800,8423,9969,20925,771,8530,6737,2855
17,1099,2832,1203,2187,3715,5647,4524,5630,6728,7883,10012,22020,816,2170,4152,2962
18,1086,2849,1094,1067,2342,4806,4470,5647,6896,8212,9964,19224,866,3040,5445,5312
19,1148,6219,1089,2629,3261,4430,4418,5630,8971,7982,9930,18151,758,2845,5460,3230
20,1086,740,1090,2172,2286,7941,11970,5501,7099,10157,8894,19042,780,5464,5469,2662
21,1076,1586,1086,2207,3295,3458,6767,4399,5536,14123,10444,19037,774,3463,5415,5270
22,1138,2823,1077,1093,2216,4734,4394,17942,7756,15725,8966,23211,814,4810,5478,2933
23,1076,2850,1248,2318,3401,2185,5125,5561,6720,7723,10504,19096,776,2832,5457,2751
24,2174,2841,1085,3296,2212,4407,9954,6583,6643,18986,11821,19011,766,5460,5420,5442
25,1094,2844,1067,2245,3286,3332,4511,5618,6698,6736,9986,19152,870,2844,5458,2828
26,1076,3144,1094,2190,2199,3378,4817,5639,6725,6822,9023,20000,771,5452,5438,4570
27,1070,2535,1080,1076,5998,8030,13521,5546,14774,9112,9098,21415,789,2837,5461,3734
28,1055,2851,1226,2404,5500,3296,4465,11339,20029,6888,9987,40994,771,5447,5433,2838
29,1085,3126,1089,2209,6294,5617,4382,8567,7327,9481,9051,18934,775,2859,5446,2845
30,1085,2577,1082,3270,3316,3422,10131,6141,7640,14803,9946,20131,753,5928,5441,5443
31,1121,2851,1086,2355,2186,3278,4421,25720,8948,7839,8915,21540,753,2364,5476,3710
32,1076,2968,2170,2152,3315,4423,4706,4399,6739,8702,11051,39008,780,5435,5436,2207
33,1072,2801,1169,1073,3240,3406,10139,5473,6756,6710,9164,20012,879,2823,5462,5203
34,1060,2745,1081,4377,3634,4412,4392,5586,6910,7900,13748,21132,780,5469,5437,2859
35,1070,2835,1062,3341,2182,3363,7836,5642,12438,8266,8899,21378,780,3088,5452,2841
36,1103,2847,1094,1080,3315,3279,12461,5670,6732,14858,10271,40131,753,5222,5425,5451
37,1130,2844,1127,2199,5621,14936,4830,5619,7620,9139,9419,22217,753,2835,5469,2832
38,2151,2847,1079,2195,2272,5638,5469,4388,6992,8138,8889,21288,768,5449,5442,2841
39,1080,2832,1067,4825,3342,4823,10149,5647,6630,7906,9946,43585,783,2833,5442,5460
40,1084,2868,1067,2237,3192,4509,9003,5671,6734,9121,8937,20060,820,5451,5460,2865
41,1058,3227,1067,3288,4394,3556,4466,9501,6837,7717,10135,20021,3144,2841,5456,2821
42,1108,2454,1112,2233,2227,4382,4466,22443,6863,7841,8881,19992,780,5449,5416,5458
43,1071,2840,1098,2158,3297,3378,4592,5679,39985,14591,11322,22015,753,2828,5470,3261
44,1524,2833,1162,3608,5716,3330,4872,5644,6909,8961,10260,19982,807,5446,5439,2553
45,1075,3197,1085,2205,2200,5540,10196,11117,6808,7749,10542,38173,768,2841,5435,5323
46,1120,2492,1073,2168,3457,2200,5521,5558,8015,15495,9007,19948,846,5475,5448,2832
47,1061,2859,1097,3331,6700,3333,4426,5666,7601,7779,19242,21415,771,2832,5462,3009
48,1085,2830,2431,2603,3381,3405,10054,5720,7912,9355,9969,21328,771,5451,5447,5288
49,1072,2832,1867,1091,2178,7931,4547,5497,7619,15226,9879,19370,790,2836,5455,2832
50,1074,2868,1085,2207,5527,3288,6253,5539,8091,10306,8907,59909,,,,
51,1077,2834,1091,3472,5608,4526,17079,5486,9785,8342,10060,19546,,,,
52,1091,2845,1112,2224,3333,3462,4810,5698,27371,7826,8880,19104,,,,
53,1075,2823,1095,2298,2386,8277,4536,16330,7589,7869,10144,19115,,,,
54,1067,2842,1141,1102,4422,3297,5662,5928,11731,8784,10317,19007,,,,
55,1076,2869,1074,2221,2200,4527,4538,7857,6720,6712,11169,21666,,,,
56,1058,2847,1085,3465,3332,3387,5545,6939,6097,9761,10196,19454,,,,
57,1076,2841,1112,2227,2623,3297,4447,7373,5482,8239,19067,78829,,,,
58,1081,2829,1093,2190,3286,9130,4411,5607,6724,15957,10042,23075,,,,
59,1152,2855,1202,1193,2184,3335,4819,5648,6743,7937,10050,27320,,,,
60,1113,2820,1102,2200,3402,22696,5513,5737,6010,17492,9244,37446,,,,
61,1084,4809,1077,1066,2200,3337,5457,11389,8625,9442,19084,21533,,,,
62,1058,951,3612,2371,3283,3428,4886,4437,6711,8136,22013,20730,,,,
63,1067,2802,1075,2210,5748,4412,4385,18257,8925,14340,19385,18968,,,,
64,1067,2841,1090,3289,3472,3406,4365,6549,6609,14612,9220,20216,,,,
65,1148,2845,1066,2369,2236,8021,10192,5573,10575,8286,10040,62645,,,,
66,1081,2845,1085,2185,5568,3457,4446,5581,29303,9025,8876,18941,,,,
67,1085,2855,1093,1226,3293,3335,4421,11102,14445,7699,19284,19171,,,,
68,1072,4525,1076,2173,3857,3369,10122,8016,6877,14514,21035,19039,,,,
69,1067,1190,1148,2191,3309,5590,12745,5930,7438,20391,20547,20900,,,,
70,1095,2796,1076,1068,2316,3297,4501,5662,7134,14061,19246,20609,,,,
71,1072,2847,1076,2312,3322,4401,4851,6561,6705,10247,9005,38435,,,,
72,1067,2809,1107,2158,2181,3279,5536,5523,9942,8908,19169,20189,,,,
73,1157,2855,1067,4590,3396,7835,4566,5719,5632,6697,20022,22679,,,,
74,1077,2842,1247,2194,5830,3290,4494,4371,10667,20850,21192,19350,,,,
75,1076,2859,1076,3346,5621,4598,3297,12324,7468,7978,8872,58106,,,,
76,1082,2850,1094,2181,3275,3291,10129,11296,7752,14321,11114,21104,,,,
77,1080,2815,1103,2217,2308,8891,4427,5586,19578,15440,10161,21627,,,,
78,1059,2881,1095,1098,5603,3305,4369,5709,6611,8251,9967,20167,,,,
79,1068,2828,1099,2334,3270,7066,4501,5754,6664,7975,10073,18974,,,,
80,1122,2845,1170,2206,2218,3347,5576,6767,6857,6973,19945,61285,,,,
81,1068,2823,1089,3392,4394,8262,4466,10682,20865,6719,8952,20106,,,,
82,1095,2887,1109,2204,2200,3536,4430,8922,6696,6623,10373,19341,,,,
83,1086,2832,1068,3495,4139,4547,4840,5543,7239,8220,12709,19072,,,,
84,1077,2841,1068,2218,2196,3306,5502,23912,6606,15370,11058,19195,,,,
85,1100,2832,1112,2152,3334,3512,6766,12199,9377,7991,8952,23059,,,,
86,1068,2832,1067,1077,2168,4376,4872,6555,7553,7763,9521,20350,,,,
87,1052,2862,1124,2344,3749,3356,6741,5743,8022,8731,8956,17954,,,,
88,1072,2842,1076,5889,5511,3335,6137,5777,6667,6750,10382,20390,,,,
89,1054,2836,1065,2208,3313,4444,4982,5599,6623,10284,9027,20962,,,,
90,1130,2857,1086,2181,2312,3462,4409,5582,6972,7705,11097,21950,,,,
91,1077,2841,1301,1121,3248,3286,4406,5677,6963,7835,8898,37890,,,,
92,1090,2834,1099,2602,2430,4457,5437,6633,7438,15874,10154,19545,,,,
93,1085,2824,1072,2182,3301,3435,10119,5518,6687,7951,10924,20100,,,,
94,1067,2843,1094,3314,2202,8107,4674,5865,7620,15446,11602,22087,,,,
95,1085,2864,1100,2182,3272,3301,4400,7881,6789,7856,10128,18973,,,,
96,1059,2823,1061,3465,3249,4556,5580,5546,15790,7775,10050,18270,,,,
97,1080,4112,1218,2182,3252,3287,4405,6027,8942,15582,8977,43288,,,,
98,1289,1603,1069,2210,2193,9652,5634,5689,8230,8072,9035,21757,,,,
99,1058,2823,1094,1174,4137,4824,4494,5587,7790,10740,20051,19611,,,,
100,1214,2851,1067,2164,2200,4430,4428,5494,6952,15661,20149,18052,,,,
101,,,1067,2249,3396,3450,4385,5780,20857,8889,11712,19380,,,,
102,,,1243,3284,5714,11615,10222,5594,38189,7992,10773,19974,,,,
103,,,1089,3269,3532,3304,11483,5718,8327,6651,8996,21336,,,,
104,,,1085,2218,2391,4426,6718,13465,11481,7787,11292,22714,,,,
105,,,1097,2204,4346,3396,4484,6647,26563,8582,9947,19398,,,,
106,,,1074,1064,2248,11269,6102,5543,6689,6729,8982,19729,,,,
107,,,1094,3374,3288,4577,4429,5744,8095,9011,20065,21249,,,,
108,,,1175,2257,2203,4365,4412,5545,9027,7732,19574,21771,,,,
109,,,1076,1076,3314,7841,4403,7631,6594,7841,11280,21220,,,,
110,,,1076,2267,2349,3770,8875,9666,7709,17426,10443,41510,,,,
111,,,1097,2227,3293,4444,4439,5504,8777,7931,10989,26501,,,,
112,,,1082,3277,2186,3341,4371,5913,6680,7792,10125,21757,,,,
113,,,2733,2259,3432,8082,4537,5523,7759,7865,8922,35967,,,,
114,,,1099,2175,2218,3266,10450,5513,6655,6880,9004,20091,,,,
115,,,1089,1087,5408,7762,4596,5557,9297,8021,11136,21579,,,,
116,,,1067,2332,5641,3279,4371,5543,9650,8372,8983,25188,,,,
117,,,1265,2154,2178,9646,5605,5629,7733,6793,11084,20203,,,,
118,,,1084,1097,3494,3306,4415,5569,6717,7798,11237,17969,,,,
119,,,1085,2335,5532,4655,4601,6723,5649,8645,12175,23160,,,,
120,,,1093,3312,3307,5715,7162,5578,6888,8899,11018,22305,,,,
121,,,1067,3329,3408,7865,5573,7804,6865,14544,10142,18532,,,,
122,,,1091,2168,3304,3432,4450,5652,15380,11554,10147,22516,,,,
123,,,1278,3314,2198,4403,7213,5662,6669,8951,11222,38005,,,,
124,,,1073,2190,3392,3377,4963,35575,6669,14800,17098,23620,,,,
125,,,1093,2202,2179,3465,11164,12377,6740,8148,9666,19663,,,,
126,,,1093,1082,3313,4439,8314,5649,6745,6813,13820,18779,,,,
127,,,1120,2334,2236,3512,4599,4553,9286,8581,9338,19100,,,,
128,,,1084,2227,3297,3313,4438,5559,9030,7730,22367,20223,,,,
129,,,4734,1076,2182,4598,4403,6695,7416,14534,9968,20094,,,,
130,,,1067,2214,4209,3366,4406,5689,8500,8821,8969,48511,,,,
131,,,1139,4576,2173,3323,10209,5491,13828,7855,8821,29289,,,,
132,,,1100,3306,3522,4553,5491,5536,7708,9282,9996,28782,,,,
133,,,1088,2213,6150,3386,8872,24033,7724,16112,8953,37739,,,,
134,,,1082,4835,2173,7870,4838,5718,14927,9905,9996,38467,,,,
135,,,1074,2162,3479,3284,4412,11258,7033,9033,8966,20061,,,,
136,,,1072,3306,6696,4591,5547,5489,6768,6725,10104,39832,,,,
137,,,1220,2196,3310,3333,8340,6060,6720,9466,11620,19992,,,,
138,,,1076,2229,2172,8184,4425,5505,6663,8579,10558,18980,,,,
139,,,1094,1080,3322,8819,6772,5654,5616,6705,13245,21232,,,,
140,,,1080,2203,2200,4399,11790,5587,9541,9751,10049,21922,,,,
141,,,1082,2162,3571,6795,4562,5603,6602,8362,9973,19303,,,,
142,,,1302,3558,2272,7838,4391,5599,8455,6682,21244,17969,,,,
143,,,2188,3364,3297,3470,4501,6765,6642,11725,8965,18988,,,,
144,,,1097,2230,2155,4422,4534,6636,6787,9289,10369,21422,,,,
145,,,3627,2161,6148,3475,5615,6741,8842,6724,7888,21938,,,,
146,,,1103,2346,3269,6772,9996,5473,19708,8602,10598,19147,,,,
147,,,1077,1077,3302,10000,4495,5527,6624,7769,22228,99764,,,,
148,,,1103,2164,2607,3311,4555,5735,6671,7245,19672,19030,,,,
149,,,1094,3347,4436,3453,4447,5608,6757,7937,9175,20238,,,,
150,,,1085,1094,2212,4394,14573,8488,7253,15649,9099,20779,,,,
151,,,1084,2221,3288,3428,4522,6979,6695,8506,10203,62865,,,,
152,,,1063,2163,5592,7779,4410,7663,32976,9738,8963,20013,,,,
153,,,1085,1165,3369,3459,17057,7274,6730,6743,10102,20035,,,,
154,,,1095,2199,2207,8827,4440,5733,6615,7865,11325,42063,,,,
155,,,1093,2159,3468,3315,4846,11292,13124,10894,10420,20131,,,,
156,,,1094,3337,2191,4376,10359,5855,7551,14412,9736,41621,,,,
157,,,1076,2154,2191,3431,4599,6806,8341,9336,20215,20646,,,,
158,,,1094,3485,3645,4277,4376,5662,6760,14724,9985,20938,,,,
159,,,1094,2186,2191,5914,4555,5547,6589,8263,11069,21115,,,,
160,,,1073,3314,4279,3306,4438,5994,8001,8356,10949,38748,,,,
161,,,1105,2164,2185,7831,4593,5681,6600,14532,24151,20278,,,,
162,,,1076,3288,3396,3417,4439,5686,,7988,12899,69620,,,,
163,,,1088,2184,2218,3304,11089,6545,,7870,8908,69571,,,,
164,,,1073,1092,3495,4409,4380,5541,,18534,10086,69616,,,,
165,,,1076,2209,5743,3308,4394,5677,,7815,8797,69600,,,,
166,,,1112,2173,3270,7747,9942,7896,,9227,9215,69566,,,,
167,,,1076,3306,2227,3323,,7889,,9420,10002,71806,,,,
168,,,1085,2637,3302,3320,,5500,,6628,10164,67375,,,,
169,,,1072,2200,3262,7707,,,,10070,8908,69650,,,,
170,,,1089,1112,3309,,,,,14827,11183,69573,,,,
171,,,1085,,2208,,,,,,9116,69592,,,,
172,,,1076,,3286,,,,,,14910,69589,,,,
173,,,,,2191,,,,,,9007,69588,,,,
174,,,,,3306,,,,,,21061,69601,,,,
175,,,,,2191,,,,,,8809,69590,,,,
176,,,,,4369,,,,,,9911,69622,,,,
177,,,,,7777,,,,,,35733,69577,,,,
178,,,,,,,,,,,36096,69561,,,,
179,,,,,,,,,,,35384,69748,,,,
180,,,,,,,,,,,35737,69459,,,,
181,,,,,,,,,,,36148,69884,,,,
182,,,,,,,,,,,35355,69322,,,,
183,,,,,,,,,,,35734,69609,,,,
184,,,,,,,,,,,35842,69574,,,,
185,,,,,,,,,,,35791,70247,,,,
186,,,,,,,,,,,35785,68958,,,,
187,,,,,,,,,,,35519,69598,,,,
188,,,,,,,,,,,35750,69572,,,,
189,,,,,,,,,,,35760,70003,,,,
190,,,,,,,,,,,35731,69180,,,,
191,,,,,,,,,,,35771,69620,,,,
192,,,,,,,,,,,35703,72964,,,,
193,,,,,,,,,,,35762,66224,,,,
194,,,,,,,,,,,35727,69575,,,,
195,,,,,,,,,,,35767,69600,,,,
196,,,,,,,,,,,36345,69606,,,,
197,,,,,,,,,,,35107,69820,,,,
198,,,,,,,,,,,35760,69368,,,,
199,,,,,,,,,,,37077,69583,,,,
200,,,,,,,,,,,35452,69861,,,,
201,,,,,,,,,,,,,,,,
202,,,,,,,,,,,,,,,,
203,,,,,,,,,,,,,,,,
204,,,,,,,,,,,,,,,,
205,,,,,,,,,,,,,,,,
206,,,,,,,,,,,,,,,,
207,,,,,,,,,,,,,,,,
208,,,,,,,,,,,,,,,,
209,,,,,,,,,,,,,,,,
210,,,,,,,,,,,,,,,,
211,,,,,,,,,,,,,,,,
212,,,,,,,,,,,,,,,,
213,,,,,,,,,,,,,,,,
214,,,,,,,,,,,,,,,,
215,,,,,,,,,,,,,,,,
216,,,,,,,,,,,,,,,,
217,,,,,,,,,,,,,,,,
218,,,,,,,,,,,,,,,,
219,,,,,,,,,,,,,,,,
220,,,,,,,,,,,,,,,,
221,,,,,,,,,,,,,,,,
222,,,,,,,,,,,,,,,,
223,,,,,,,,,,,,,,,,
224,,,,,,,,,,,,,,,,
225,,,,,,,,,,,,,,,,
226,,,,,,,,,,,,,,,,
227,,,,,,,,,,,,,,,,
228,,,,,,,,,,,,,,,,
229,,,,,,,,,,,,,,,,
230,,,,,,,,,,,,,,,,
231,,,,,,,,,,,,,,,,
232,,,,,,,,,,,,,,,,
233,,,,,,,,,,,,,,,,
234,,,,,,,,,,,,,,,,
235,,,,,,,,,,,,,,,,
236,,,,,,,,,,,,,,,,
237,,,,,,,,,,,,,,,,
238,,,,,,,,,,,,,,,,
239,,,,,,,,,,,,,,,,
240,,,,,,,,,,,,,,,,
241,,,,,,,,,,,,,,,,
242,,,,,,,,,,,,,,,,
243,,,,,,,,,,,,,,,,
244,,,,,,,,,,,,,,,,
245,,,,,,,,,,,,,,,,
246,,,,,,,,,,,,,,,,
247,,,,,,,,,,,,,,,,
248,,,,,,,,,,,,,,,,
249,,,,,,,,,,,,,,,,
250,,,,,,,,,,,,,,,,
251,,,,,,,,,,,,,,,,
252,,,,,,,,,,,,,,,,
253,,,,,,,,,,,,,,,,
254,,,,,,,,,,,,,,,,
255,,,,,,,,,,,,,,,,
256,,,,,,,,,,,,,,,,
257,,,,,,,,,,,,,,,,
258,,,,,,,,,,,,,,,,
259,,,,,,,,,,,,,,,,
260,,,,,,,,,,,,,,,,
261,,,,,,,,,,,,,,,,
262,,,,,,,,,,,,,,,,
263,,,,,,,,,,,,,,,,
264,,,,,,,,,,,,,,,,
265,,,,,,,,,,,,,,,,
266,,,,,,,,,,,,,,,,
267,,,,,,,,,,,,,,,,
268,,,,,,,,,,,,,,,,
269,,,,,,,,,,,,,,,,
270,,,,,,,,,,,,,,,,
271,,,,,,,,,,,,,,,,
272,,,,,,,,,,,,,,,,
273,,,,,,,,,,,,,,,,
274,,,,,,,,,,,,,,,,
275,,,,,,,,,,,,,,,,
276,,,,,,,,,,,,,,,,
277,,,,,,,,,,,,,,,,
278,,,,,,,,,,,,,,,,
279,,,,,,,,,,,,,,,,
280,,,,,,,,,,,,,,,,
281,,,,,,,,,,,,,,,,
282,,,,,,,,,,,,,,,,
283,,,,,,,,,,,,,,,,
284,,,,,,,,,,,,,,,,
285,,,,,,,,,,,,,,,,
286,,,,,,,,,,,,,,,,
287,,,,,,,,,,,,,,,,
288,,,,,,,,,,,,,,,,
289,,,,,,,,,,,,,,,,
290,,,,,,,,,,,,,,,,
291,,,,,,,,,,,,,,,,
292,,,,,,,,,,,,,,,,
293,,,,,,,,,,,,,,,,
294,,,,,,,,,,,,,,,,
295,,,,,,,,,,,,,,,,
296,,,,,,,,,,,,,,,,
297,,,,,,,,,,,,,,,,
298,,,,,,,,,,,,,,,,
299,,,,,,,,,,,,,,,,
300,,,,,,,,,,,,,,,,
301,,,,,,,,,,,,,,,,
302,,,,,,,,,,,,,,,,
303,,,,,,,,,,,,,,,,
304,,,,,,,,,,,,,,,,
305,,,,,,,,,,,,,,,,
306,,,,,,,,,,,,,,,,
307,,,,,,,,,,,,,,,,
308,,,,,,,,,,,,,,,,
309,,,,,,,,,,,,,,,,
310,,,,,,,,,,,,,,,,
311,,,,,,,,,,,,,,,,
312,,,,,,,,,,,,,,,,
313,,,,,,,,,,,,,,,,
314,,,,,,,,,,,,,,,,
315,,,,,,,,,,,,,,,,
316,,,,,,,,,,,,,,,,
317,,,,,,,,,,,,,,,,
318,,,,,,,,,,,,,,,,
319,,,,,,,,,,,,,,,,
320,,,,,,,,,,,,,,,,
321,,,,,,,,,,,,,,,,
322,,,,,,,,,,,,,,,,
323,,,,,,,,,,,,,,,,
324,,,,,,,,,,,,,,,,
325,,,,,,,,,,,,,,,,
326,,,,,,,,,,,,,,,,
327,,,,,,,,,,,,,,,,
328,,,,,,,,,,,,,,,,
329,,,,,,,,,,,,,,,,
330,,,,,,,,,,,,,,,,
331,,,,,,,,,,,,,,,,
332,,,,,,,,,,,,,,,,
333,,,,,,,,,,,,,,,,
334,,,,,,,,,,,,,,,,
335,,,,,,,,,,,,,,,,
336,,,,,,,,,,,,,,,,
337,,,,,,,,,,,,,,,,
338,,,,,,,,,,,,,,,,
339,,,,,,,,,,,,,,,,
340,,,,,,,,,,,,,,,,
341,,,,,,,,,,,,,,,,
342,,,,,,,,,,,,,,,,
343,,,,,,,,,,,,,,,,
344,,,,,,,,,,,,,,,,
345,,,,,,,,,,,,,,,,
346,,,,,,,,,,,,,,,,
347,,,,,,,,,,,,,,,,
348,,,,,,,,,,,,,,,,
349,,,,,,,,,,,,,,,,
350,,,,,,,,,,,,,,,,
351,,,,,,,,,,,,,,,,
352,,,,,,,,,,,,,,,,
353,,,,,,,,,,,,,,,,
354,,,,,,,,,,,,,,,,
355,,,,,,,,,,,,,,,,
356,,,,,,,,,,,,,,,,
357,,,,,,,,,,,,,,,,
358,,,,,,,,,,,,,,,,
359,,,,,,,,,,,,,,,,
360,,,,,,,,,,,,,,,,
361,,,,,,,,,,,,,,,,
362,,,,,,,,,,,,,,,,
363,,,,,,,,,,,,,,,,
364,,,,,,,,,,,,,,,,
365,,,,,,,,,,,,,,,,
366,,,,,,,,,,,,,,,,
367,,,,,,,,,,,,,,,,
368,,,,,,,,,,,,,,,,
369,,,,,,,,,,,,,,,,
370,,,,,,,,,,,,,,,,
371,,,,,,,,,,,,,,,,
372,,,,,,,,,,,,,,,,
373,,,,,,,,,,,,,,,,
374,,,,,,,,,,,,,,,,
375,,,,,,,,,,,,,,,,
376,,,,,,,,,,,,,,,,
377,,,,,,,,,,,,,,,,
378,,,,,,,,,,,,,,,,
379,,,,,,,,,,,,,,,,
380,,,,,,,,,,,,,,,,
381,,,,,,,,,,,,,,,,
382,,,,,,,,,,,,,,,,
383,,,,,,,,,,,,,,,,
384,,,,,,,,,,,,,,,,
385,,,,,,,,,,,,,,,,
386,,,,,,,,,,,,,,,,
387,,,,,,,,,,,,,,,,
388,,,,,,,,,,,,,,,,
389,,,,,,,,,,,,,,,,
390,,,,,,,,,,,,,,,,
391,,,,,,,,,,,,,,,,
392,,,,,,,,,,,,,,,,
393,,,,,,,,,,,,,,,,
394,,,,,,,,,,,,,,,,
395,,,,,,,,,,,,,,,,
396,,,,,,,,,,,,,,,,
397,,,,,,,,,,,,,,,,
398,,,,,,,,,,,,,,,,
399,,,,,,,,,,,,,,,,
400,,,,,,,,,,,,,,,,
401,,,,,,,,,,,,,,,,
402,,,,,,,,,,,,,,,,
403,,,,,,,,,,,,,,,,
404,,,,,,,,,,,,,,,,
405,,,,,,,,,,,,,,,,
406,,,,,,,,,,,,,,,,
407,,,,,,,,,,,,,,,,
408,,,,,,,,,,,,,,,,
409,,,,,,,,,,,,,,,,
410,,,,,,,,,,,,,,,,
411,,,,,,,,,,,,,,,,
412,,,,,,,,,,,,,,,,
413,,,,,,,,,,,,,,,,
414,,,,,,,,,,,,,,,,
415,,,,,,,,,,,,,,,,
416,,,,,,,,,,,,,,,,
417,,,,,,,,,,,,,,,,
418,,,,,,,,,,,,,,,,
419,,,,,,,,,,,,,,,,
420,,,,,,,,,,,,,,,,
421,,,,,,,,,,,,,,,,
422,,,,,,,,,,,,,,,,
423,,,,,,,,,,,,,,,,
424,,,,,,,,,,,,,,,,
425,,,,,,,,,,,,,,,,
426,,,,,,,,,,,,,,,,
427,,,,,,,,,,,,,,,,
428,,,,,,,,,,,,,,,,
429,,,,,,,,,,,,,,,,
430,,,,,,,,,,,,,,,,
431,,,,,,,,,,,,,,,,
432,,,,,,,,,,,,,,,,
433,,,,,,,,,,,,,,,,
434,,,,,,,,,,,,,,,,
435,,,,,,,,,,,,,,,,
436,,,,,,,,,,,,,,,,
437,,,,,,,,,,,,,,,,
438,,,,,,,,,,,,,,,,
439,,,,,,,,,,,,,,,,
440,,,,,,,,,,,,,,,,
441,,,,,,,,,,,,,,,,
442,,,,,,,,,,,,,,,,
443,,,,,,,,,,,,,,,,
444,,,,,,,,,,,,,,,,
445,,,,,,,,,,,,,,,,
446,,,,,,,,,,,,,,,,
447,,,,,,,,,,,,,,,,
448,,,,,,,,,,,,,,,,
449,,,,,,,,,,,,,,,,
450,,,,,,,,,,,,,,,,
451,,,,,,,,,,,,,,,,
452,,,,,,,,,,,,,,,,
453,,,,,,,,,,,,,,,,
454,,,,,,,,,,,,,,,,
455,,,,,,,,,,,,,,,,
456,,,,,,,,,,,,,,,,
457,,,,,,,,,,,,,,,,
458,,,,,,,,,,,,,,,,
459,,,,,,,,,,,,,,,,
460,,,,,,,,,,,,,,,,
461,,,,,,,,,,,,,,,,
462,,,,,,,,,,,,,,,,
463,,,,,,,,,,,,,,,,
464,,,,,,,,,,,,,,,,
465,,,,,,,,,,,,,,,,
466,,,,,,,,,,,,,,,,
467,,,,,,,,,,,,,,,,
468,,,,,,,,,,,,,,,,
469,,,,,,,,,,,,,,,,
470,,,,,,,,,,,,,,,,
471,,,,,,,,,,,,,,,,
472,,,,,,,,,,,,,,,,
473,,,,,,,,,,,,,,,,
474,,,,,,,,,,,,,,,,
475,,,,,,,,,,,,,,,,
476,,,,,,,,,,,,,,,,
477,,,,,,,,,,,,,,,,
478,,,,,,,,,,,,,,,,
479,,,,,,,,,,,,,,,,
480,,,,,,,,,,,,,,,,
481,,,,,,,,,,,,,,,,
482,,,,,,,,,,,,,,,,
483,,,,,,,,,,,,,,,,
484,,,,,,,,,,,,,,,,
485,,,,,,,,,,,,,,,,
486,,,,,,,,,,,,,,,,
487,,,,,,,,,,,,,,,,
488,,,,,,,,,,,,,,,,
489,,,,,,,,,,,,,,,,
490,,,,,,,,,,,,,,,,
491,,,,,,,,,,,,,,,,
492,,,,,,,,,,,,,,,,
493,,,,,,,,,,,,,,,,
494,,,,,,,,,,,,,,,,
495,,,,,,,,,,,,,,,,
496,,,,,,,,,,,,,,,,
497,,,,,,,,,,,,,,,,
498,,,,,,,,,,,,,,,,
499,,,,,,,,,,,,,,,,
500,,,,,,,,,,,,,,,,
501,,,,,,,,,,,,,,,,
502,,,,,,,,,,,,,,,,
503,,,,,,,,,,,,,,,,
504,,,,,,,,,,,,,,,,
505,,,,,,,,,,,,,,,,
506,,,,,,,,,,,,,,,,
507,,,,,,,,,,,,,,,,
508,,,,,,,,,,,,,,,,
509,,,,,,,,,,,,,,,,
510,,,,,,,,,,,,,,,,
511,,,,,,,,,,,,,,,,
512,,,,,,,,,,,,,,,,
513,,,,,,,,,,,,,,,,
514,,,,,,,,,,,,,,,,
515,,,,,,,,,,,,,,,,
516,,,,,,,,,,,,,,,,
517,,,,,,,,,,,,,,,,
518,,,,,,,,,,,,,,,,
519,,,,,,,,,,,,,,,,
520,,,,,,,,,,,,,,,,
521,,,,,,,,,,,,,,,,
522,,,,,,,,,,,,,,,,
523,,,,,,,,,,,,,,,,
524,,,,,,,,,,,,,,,,
525,,,,,,,,,,,,,,,,
526,,,,,,,,,,,,,,,,
527,,,,,,,,,,,,,,,,
528,,,,,,,,,,,,,,,,
529,,,,,,,,,,,,,,,,
530,,,,,,,,,,,,,,,,
531,,,,,,,,,,,,,,,,
532,,,,,,,,,,,,,,,,
533,,,,,,,,,,,,,,,,
534,,,,,,,,,,,,,,,,
535,,,,,,,,,,,,,,,,
536,,,,,,,,,,,,,,,,
537,,,,,,,,,,,,,,,,
538,,,,,,,,,,,,,,,,
539,,,,,,,,,,,,,,,,
540,,,,,,,,,,,,,,,,
541,,,,,,,,,,,,,,,,
542,,,,,,,,,,,,,,,,
543,,,,,,,,,,,,,,,,
544,,,,,,,,,,,,,,,,
545,,,,,,,,,,,,,,,,
546,,,,,,,,,,,,,,,,
547,,,,,,,,,,,,,,,,
548,,,,,,,,,,,,,,,,
549,,,,,,,,,,,,,,,,
550,,,,,,,,,,,,,,,,
551,,,,,,,,,,,,,,,,
552,,,,,,,,,,,,,,,,
553,,,,,,,,,,,,,,,,
554,,,,,,,,,,,,,,,,
555,,,,,,,,,,,,,,,,
556,,,,,,,,,,,,,,,,
557,,,,,,,,,,,,,,,,
558,,,,,,,,,,,,,,,,
559,,,,,,,,,,,,,,,,
560,,,,,,,,,,,,,,,,
561,,,,,,,,,,,,,,,,
562,,,,,,,,,,,,,,,,
563,,,,,,,,,,,,,,,,
564,,,,,,,,,,,,,,,,
565,,,,,,,,,,,,,,,,
566,,,,,,,,,,,,,,,,
567,,,,,,,,,,,,,,,,
568,,,,,,,,,,,,,,,,
569,,,,,,,,,,,,,,,,
570,,,,,,,,,,,,,,,,
571,,,,,,,,,,,,,,,,
572,,,,,,,,,,,,,,,,
573,,,,,,,,,,,,,,,,
574,,,,,,,,,,,,,,,,
575,,,,,,,,,,,,,,,,
576,,,,,,,,,,,,,,,,
577,,,,,,,,,,,,,,,,
578,,,,,,,,,,,,,,,,
579,,,,,,,,,,,,,,,,
580,,,,,,,,,,,,,,,,
581,,,,,,,,,,,,,,,,
582,,,,,,,,,,,,,,,,
583,,,,,,,,,,,,,,,,
584,,,,,,,,,,,,,,,,
585,,,,,,,,,,,,,,,,
586,,,,,,,,,,,,,,,,
587,,,,,,,,,,,,,,,,
588,,,,,,,,,,,,,,,,
589,,,,,,,,,,,,,,,,
590,,,,,,,,,,,,,,,,
591,,,,,,,,,,,,,,,,
592,,,,,,,,,,,,,,,,
593,,,,,,,,,,,,,,,,
594,,,,,,,,,,,,,,,,
595,,,,,,,,,,,,,,,,
596,,,,,,,,,,,,,,,,
597,,,,,,,,,,,,,,,,
598,,,,,,,,,,,,,,,,
599,,,,,,,,,,,,,,,,
600,,,,,,,,,,,,,,,,
601,,,,,,,,,,,,,,,,
602,,,,,,,,,,,,,,,,
603,,,,,,,,,,,,,,,,
604,,,,,,,,,,,,,,,,
605,,,,,,,,,,,,,,,,
606,,,,,,,,,,,,,,,,
607,,,,,,,,,,,,,,,,
608,,,,,,,,,,,,,,,,
609,,,,,,,,,,,,,,,,
610,,,,,,,,,,,,,,,,
611,,,,,,,,,,,,,,,,
612,,,,,,,,,,,,,,,,
613,,,,,,,,,,,,,,,,
614,,,,,,,,,,,,,,,,
615,,,,,,,,,,,,,,,,
616,,,,,,,,,,,,,,,,
617,,,,,,,,,,,,,,,,
618,,,,,,,,,,,,,,,,
619,,,,,,,,,,,,,,,,
620,,,,,,,,,,,,,,,,
621,,,,,,,,,,,,,,,,
622,,,,,,,,,,,,,,,,
623,,,,,,,,,,,,,,,,
624,,,,,,,,,,,,,,,,
625,,,,,,,,,,,,,,,,
626,,,,,,,,,,,,,,,,
627,,,,,,,,,,,,,,,,
628,,,,,,,,,,,,,,,,
629,,,,,,,,,,,,,,,,
630,,,,,,,,,,,,,,,,
631,,,,,,,,,,,,,,,,
632,,,,,,,,,,,,,,,,
633,,,,,,,,,,,,,,,,
634,,,,,,,,,,,,,,,,
635,,,,,,,,,,,,,,,,
636,,,,,,,,,,,,,,,,
637,,,,,,,,,,,,,,,,
638,,,,,,,,,,,,,,,,
639,,,,,,,,,,,,,,,,
640,,,,,,,,,,,,,,,,
641,,,,,,,,,,,,,,,,
642,,,,,,,,,,,,,,,,
643,,,,,,,,,,,,,,,,
644,,,,,,,,,,,,,,,,
645,,,,,,,,,,,,,,,,
646,,,,,,,,,,,,,,,,
647,,,,,,,,,,,,,,,,
648,,,,,,,,,,,,,,,,
649,,,,,,,,,,,,,,,,
650,,,,,,,,,,,,,,,,
651,,,,,,,,,,,,,,,,
652,,,,,,,,,,,,,,,,
653,,,,,,,,,,,,,,,,
654,,,,,,,,,,,,,,,,
655,,,,,,,,,,,,,,,,
656,,,,,,,,,,,,,,,,
657,,,,,,,,,,,,,,,,
658,,,,,,,,,,,,,,,,
659,,,,,,,,,,,,,,,,
660,,,,,,,,,,,,,,,,
661,,,,,,,,,,,,,,,,
662,,,,,,,,,,,,,,,,
663,,,,,,,,,,,,,,,,
664,,,,,,,,,,,,,,,,
665,,,,,,,,,,,,,,,,
666,,,,,,,,,,,,,,,,
667,,,,,,,,,,,,,,,,
668,,,,,,,,,,,,,,,,
669,,,,,,,,,,,,,,,,
670,,,,,,,,,,,,,,,,
671,,,,,,,,,,,,,,,,
672,,,,,,,,,,,,,,,,
673,,,,,,,,,,,,,,,,
674,,,,,,,,,,,,,,,,
675,,,,,,,,,,,,,,,,
676,,,,,,,,,,,,,,,,
677,,,,,,,,,,,,,,,,
678,,,,,,,,,,,,,,,,
679,,,,,,,,,,,,,,,,
680,,,,,,,,,,,,,,,,
681,,,,,,,,,,,,,,,,
682,,,,,,,,,,,,,,,,
683,,,,,,,,,,,,,,,,
684,,,,,,,,,,,,,,,,
685,,,,,,,,,,,,,,,,
686,,,,,,,,,,,,,,,,
687,,,,,,,,,,,,,,,,
688,,,,,,,,,,,,,,,,
689,,,,,,,,,,,,,,,,
690,,,,,,,,,,,,,,,,
691,,,,,,,,,,,,,,,,
692,,,,,,,,,,,,,,,,
693,,,,,,,,,,,,,,,,
694,,,,,,,,,,,,,,,,
695,,,,,,,,,,,,,,,,
696,,,,,,,,,,,,,,,,
697,,,,,,,,,,,,,,,,
698,,,,,,,,,,,,,,,,
699,,,,,,,,,,,,,,,,
700,,,,,,,,,,,,,,,,
701,,,,,,,,,,,,,,,,
702,,,,,,,,,,,,,,,,
703,,,,,,,,,,,,,,,,
704,,,,,,,,,,,,,,,,
705,,,,,,,,,,,,,,,,
706,,,,,,,,,,,,,,,,
707,,,,,,,,,,,,,,,,
708,,,,,,,,,,,,,,,,
709,,,,,,,,,,,,,,,,
710,,,,,,,,,,,,,,,,
711,,,,,,,,,,,,,,,,
712,,,,,,,,,,,,,,,,
713,,,,,,,,,,,,,,,,
714,,,,,,,,,,,,,,,,
715,,,,,,,,,,,,,,,,
716,,,,,,,,,,,,,,,,
717,,,,,,,,,,,,,,,,
718,,,,,,,,,,,,,,,,
719,,,,,,,,,,,,,,,,
720,,,,,,,,,,,,,,,,
721,,,,,,,,,,,,,,,,
722,,,,,,,,,,,,,,,,
723,,,,,,,,,,,,,,,,
724,,,,,,,,,,,,,,,,
725,,,,,,,,,,,,,,,,
726,,,,,,,,,,,,,,,,
727,,,,,,,,,,,,,,,,
728,,,,,,,,,,,,,,,,
729,,,,,,,,,,,,,,,,
730,,,,,,,,,,,,,,,,
731,,,,,,,,,,,,,,,,
732,,,,,,,,,,,,,,,,
733,,,,,,,,,,,,,,,,
734,,,,,,,,,,,,,,,,
735,,,,,,,,,,,,,,,,
736,,,,,,,,,,,,,,,,
737,,,,,,,,,,,,,,,,
738,,,,,,,,,,,,,,,,
739,,,,,,,,,,,,,,,,
740,,,,,,,,,,,,,,,,
741,,,,,,,,,,,,,,,,
742,,,,,,,,,,,,,,,,
743,,,,,,,,,,,,,,,,
744,,,,,,,,,,,,,,,,
745,,,,,,,,,,,,,,,,
746,,,,,,,,,,,,,,,,
747,,,,,,,,,,,,,,,,
748,,,,,,,,,,,,,,,,
749,,,,,,,,,,,,,,,,
750,,,,,,,,,,,,,,,,
751,,,,,,,,,,,,,,,,
752,,,,,,,,,,,,,,,,
753,,,,,,,,,,,,,,,,
754,,,,,,,,,,,,,,,,
755,,,,,,,,,,,,,,,,
756,,,,,,,,,,,,,,,,
757,,,,,,,,,,,,,,,,
758,,,,,,,,,,,,,,,,
759,,,,,,,,,,,,,,,,
760,,,,,,,,,,,,,,,,
761,,,,,,,,,,,,,,,,
762,,,,,,,,,,,,,,,,
763,,,,,,,,,,,,,,,,
764,,,,,,,,,,,,,,,,
765,,,,,,,,,,,,,,,,
766,,,,,,,,,,,,,,,,
767,,,,,,,,,,,,,,,,
768,,,,,,,,,,,,,,,,
769,,,,,,,,,,,,,,,,
770,,,,,,,,,,,,,,,,
771,,,,,,,,,,,,,,,,
772,,,,,,,,,,,,,,,,
773,,,,,,,,,,,,,,,,
774,,,,,,,,,,,,,,,,
775,,,,,,,,,,,,,,,,
776,,,,,,,,,,,,,,,,
777,,,,,,,,,,,,,,,,
778,,,,,,,,,,,,,,,,
779,,,,,,,,,,,,,,,,
780,,,,,,,,,,,,,,,,
781,,,,,,,,,,,,,,,,
782,,,,,,,,,,,,,,,,
783,,,,,,,,,,,,,,,,
784,,,,,,,,,,,,,,,,
785,,,,,,,,,,,,,,,,
786,,,,,,,,,,,,,,,,
787,,,,,,,,,,,,,,,,
788,,,,,,,,,,,,,,,,
789,,,,,,,,,,,,,,,,
790,,,,,,,,,,,,,,,,
791,,,,,,,,,,,,,,,,
792,,,,,,,,,,,,,,,,
793,,,,,,,,,,,,,,,,
794,,,,,,,,,,,,,,,,
795,,,,,,,,,,,,,,,,
796,,,,,,,,,,,,,,,,
797,,,,,,,,,,,,,,,,
798,,,,,,,,,,,,,,,,
799,,,,,,,,,,,,,,,,
800,,,,,,,,,,,,,,,,
801,,,,,,,,,,,,,,,,
802,,,,,,,,,,,,,,,,
803,,,,,,,,,,,,,,,,
804,,,,,,,,,,,,,,,,
805,,,,,,,,,,,,,,,,
806,,,,,,,,,,,,,,,,
807,,,,,,,,,,,,,,,,
808,,,,,,,,,,,,,,,,
809,,,,,,,,,,,,,,,,
810,,,,,,,,,,,,,,,,
811,,,,,,,,,,,,,,,,
812,,,,,,,,,,,,,,,,
813,,,,,,,,,,,,,,,,
814,,,,,,,,,,,,,,,,
815,,,,,,,,,,,,,,,,
816,,,,,,,,,,,,,,,,
817,,,,,,,,,,,,,,,,
818,,,,,,,,,,,,,,,,
819,,,,,,,,,,,,,,,,
820,,,,,,,,,,,,,,,,
821,,,,,,,,,,,,,,,,
822,,,,,,,,,,,,,,,,
823,,,,,,,,,,,,,,,,
824,,,,,,,,,,,,,,,,
825,,,,,,,,,,,,,,,,
826,,,,,,,,,,,,,,,,
827,,,,,,,,,,,,,,,,
828,,,,,,,,,,,,,,,,
829,,,,,,,,,,,,,,,,
830,,,,,,,,,,,,,,,,
831,,,,,,,,,,,,,,,,
832,,,,,,,,,,,,,,,,
833,,,,,,,,,,,,,,,,
834,,,,,,,,,,,,,,,,
835,,,,,,,,,,,,,,,,
836,,,,,,,,,,,,,,,,
837,,,,,,,,,,,,,,,,
838,,,,,,,,,,,,,,,,
839,,,,,,,,,,,,,,,,
840,,,,,,,,,,,,,,,,
841,,,,,,,,,,,,,,,,
842,,,,,,,,,,,,,,,,
843,,,,,,,,,,,,,,,,
844,,,,,,,,,,,,,,,,
845,,,,,,,,,,,,,,,,
846,,,,,,,,,,,,,,,,
847,,,,,,,,,,,,,,,,
848,,,,,,,,,,,,,,,,
849,,,,,,,,,,,,,,,,
850,,,,,,,,,,,,,,,,
851,,,,,,,,,,,,,,,,
852,,,,,,,,,,,,,,,,
853,,,,,,,,,,,,,,,,
854,,,,,,,,,,,,,,,,
855,,,,,,,,,,,,,,,,
856,,,,,,,,,,,,,,,,
857,,,,,,,,,,,,,,,,
858,,,,,,,,,,,,,,,,
859,,,,,,,,,,,,,,,,
860,,,,,,,,,,,,,,,,
861,,,,,,,,,,,,,,,,
862,,,,,,,,,,,,,,,,
863,,,,,,,,,,,,,,,,
864,,,,,,,,,,,,,,,,
865,,,,,,,,,,,,,,,,
866,,,,,,,,,,,,,,,,
867,,,,,,,,,,,,,,,,
868,,,,,,,,,,,,,,,,
869,,,,,,,,,,,,,,,,
870,,,,,,,,,,,,,,,,
871,,,,,,,,,,,,,,,,
872,,,,,,,,,,,,,,,,
873,,,,,,,,,,,,,,,,
874,,,,,,,,,,,,,,,,
875,,,,,,,,,,,,,,,,
876,,,,,,,,,,,,,,,,
877,,,,,,,,,,,,,,,,
878,,,,,,,,,,,,,,,,
879,,,,,,,,,,,,,,,,
880,,,,,,,,,,,,,,,,
881,,,,,,,,,,,,,,,,
882,,,,,,,,,,,,,,,,
883,,,,,,,,,,,,,,,,
884,,,,,,,,,,,,,,,,
885,,,,,,,,,,,,,,,,
886,,,,,,,,,,,,,,,,
887,,,,,,,,,,,,,,,,
888,,,,,,,,,,,,,,,,
889,,,,,,,,,,,,,,,,
890,,,,,,,,,,,,,,,,
891,,,,,,,,,,,,,,,,
892,,,,,,,,,,,,,,,,
893,,,,,,,,,,,,,,,,
894,,,,,,,,,,,,,,,,
895,,,,,,,,,,,,,,,,
896,,,,,,,,,,,,,,,,
897,,,,,,,,,,,,,,,,
898,,,,,,,,,,,,,,,,
899,,,,,,,,,,,,,,,,
900,,,,,,,,,,,,,,,,
901,,,,,,,,,,,,,,,,
902,,,,,,,,,,,,,,,,
903,,,,,,,,,,,,,,,,
904,,,,,,,,,,,,,,,,
905,,,,,,,,,,,,,,,,
906,,,,,,,,,,,,,,,,
907,,,,,,,,,,,,,,,,
908,,,,,,,,,,,,,,,,
909,,,,,,,,,,,,,,,,
910,,,,,,,,,,,,,,,,
911,,,,,,,,,,,,,,,,
912,,,,,,,,,,,,,,,,
913,,,,,,,,,,,,,,,,
914,,,,,,,,,,,,,,,,
915,,,,,,,,,,,,,,,,
916,,,,,,,,,,,,,,,,
917,,,,,,,,,,,,,,,,
918,,,,,,,,,,,,,,,,
919,,,,,,,,,,,,,,,,
920,,,,,,,,,,,,,,,,
921,,,,,,,,,,,,,,,,
922,,,,,,,,,,,,,,,,
923,,,,,,,,,,,,,,,,
924,,,,,,,,,,,,,,,,
925,,,,,,,,,,,,,,,,
926,,,,,,,,,,,,,,,,
927,,,,,,,,,,,,,,,,
928,,,,,,,,,,,,,,,,
929,,,,,,,,,,,,,,,,
930,,,,,,,,,,,,,,,,
931,,,,,,,,,,,,,,,,
932,,,,,,,,,,,,,,,,
933,,,,,,,,,,,,,,,,
934,,,,,,,,,,,,,,,,
935,,,,,,,,,,,,,,,,
936,,,,,,,,,,,,,,,,
937,,,,,,,,,,,,,,,,
938,,,,,,,,,,,,,,,,
939,,,,,,,,,,,,,,,,
940,,,,,,,,,,,,,,,,
941,,,,,,,,,,,,,,,,
942,,,,,,,,,,,,,,,,
943,,,,,,,,,,,,,,,,
944,,,,,,,,,,,,,,,,
945,,,,,,,,,,,,,,,,
946,,,,,,,,,,,,,,,,
947,,,,,,,,,,,,,,,,
948,,,,,,,,,,,,,,,,
949,,,,,,,,,,,,,,,,
950,,,,,,,,,,,,,,,,
951,,,,,,,,,,,,,,,,
952,,,,,,,,,,,,,,,,
953,,,,,,,,,,,,,,,,
954,,,,,,,,,,,,,,,,
955,,,,,,,,,,,,,,,,
956,,,,,,,,,,,,,,,,
957,,,,,,,,,,,,,,,,
958,,,,,,,,,,,,,,,,
959,,,,,,,,,,,,,,,,
960,,,,,,,,,,,,,,,,
961,,,,,,,,,,,,,,,,
962,,,,,,,,,,,,,,,,
963,,,,,,,,,,,,,,,,
964,,,,,,,,,,,,,,,,
965,,,,,,,,,,,,,,,,
966,,,,,,,,,,,,,,,,
967,,,,,,,,,,,,,,,,
968,,,,,,,,,,,,,,,,
969,,,,,,,,,,,,,,,,
970,,,,,,,,,,,,,,,,
971,,,,,,,,,,,,,,,,
972,,,,,,,,,,,,,,,,
973,,,,,,,,,,,,,,,,
974,,,,,,,,,,,,,,,,
975,,,,,,,,,,,,,,,,
976,,,,,,,,,,,,,,,,
977,,,,,,,,,,,,,,,,
978,,,,,,,,,,,,,,,,
979,,,,,,,,,,,,,,,,
980,,,,,,,,,,,,,,,,
981,,,,,,,,,,,,,,,,
982,,,,,,,,,,,,,,,,
983,,,,,,,,,,,,,,,,
984,,,,,,,,,,,,,,,,
985,,,,,,,,,,,,,,,,
986,,,,,,,,,,,,,,,,
987,,,,,,,,,,,,,,,,
988,,,,,,,,,,,,,,,,
989,,,,,,,,,,,,,,,,
990,,,,,,,,,,,,,,,,
991,,,,,,,,,,,,,,,,
992,,,,,,,,,,,,,,,,
993,,,,,,,,,,,,,,,,
994,,,,,,,,,,,,,,,,
995,,,,,,,,,,,,,,,,
996,,,,,,,,,,,,,,,,
997,,,,,,,,,,,,,,,,
998,,,,,,,,,,,,,,,,
999,,,,,,,,,,,,,,,,
1000,,,,,,,,,,,,,,,,
